title,director,cast,genre,notes
The Old Way,Saban Films,Nicolas Cage,[4],
House Party,Warner Bros. Pictures,"Calmatic, Stephen Glover, Tosin Cole, Jacob Latimore, Scott Mescudi",[7],
Sick,Peacock,"John Hyams, Kevin Williamson, Gideon Adlon, Marc Menchaca, Jane Adams",[8],
The Drop,Hulu,"Sarah Adina Smith, Joshua Leonard, Anna Konkle, Jermaine Fowler, Jillian Bell, Utkarsh Ambudkar",[9],
Dog Gone,Netflix,"Stephen Herek, Nick Santora, Rob Lowe, Kimberly Williams-Paisley",[10],
The Son,Sony Pictures Classics,"Florian Zeller, Christopher Hampton, Hugh Jackman, Laura Dern, Vanessa Kirby, Hugh Quarshie, Anthony Hopkins",[13],
When You Finish Saving the World,A24,"Jesse Eisenberg, Julianne Moore, Finn Wolfhard, Alisha Boe, Jay O. Sanders, Billy Bryk, Eleonore Hendricks",[14],
Detective Knight: Independence,Lionsgate,"Edward John Drake, Corey Large, Bruce Willis",[15],
Kids vs. Aliens,RLJE Films,Jason Eisener,[16],
Shotgun Wedding,Amazon Studios,"Jason Moore, Jennifer Lopez, Josh Duhamel, Sônia Braga, Jennifer Coolidge, Lenny Kravitz, Cheech Marin",[19],
Maybe I Do,Vertical Entertainment,"Michael Jacobs, Diane Keaton, Richard Gere, Susan Sarandon, Emma Roberts, Luke Bracey, William H. Macy",[20],
Life Upside Down,IFC Films,"Danny Huston, Radha Mitchell, Bob Odenkirk",[21],
80 for Brady,Paramount Pictures,"Emily Halpern, Sarah Haskins, Lily Tomlin, Jane Fonda, Rita Moreno, Sally Field, Tom Brady",[24],
The Locksmith,Screen Media Films,"Joe Russo, Chris LaMont, Ryan Phillippe, Kate Bosworth, Ving Rhames",[25],
Baby Ruby,Magnet Releasing,"Bess Wohl, Noémie Merlant, Kit Harington, Meredith Hagner",[26],
Freedom's Path,Xenon Pictures,"Gerran Howell, RJ Cyler, Ewen Bremner, Harrison Gilbertson",[27],
Sharper,Apple TV+,"Benjamin Caron, Julianne Moore, Sebastian Stan, Justice Smith, Briana Middleton, John Lithgow",[30],
Your Place or Mine,Netflix,"Aline Brosh McKenna, Reese Witherspoon, Ashton Kutcher, Jesse Williams, Tig Notaro, Zoë Chao, Steve Zahn",[31],
Somebody I Used to Know,Amazon Studios,"Dave Franco, Alison Brie, Jay Ellis, Kiersey Clemons, Julie Hagerty, Haley Joel Osment, Amy Sedaris",[32],
Consecration,IFC Films,"Christopher Smith, Jena Malone, Danny Huston, Janet Suzman",[33],
The Outwaters,Cinedigm,,[34],
Jesus Revolution,Lionsgate,"Jon Erwin, Joel Courtney, Jonathan Roumie, Kimberly Williams-Paisley, Kelsey Grammer",[37],
Luther: The Fallen Sun,Netflix,"Neil Cross, Idris Elba, Cynthia Erivo, Andy Serkis, Dermot Crowley",[38],
We Have a Ghost,Netflix,"Christopher Landon, David Harbour, Anthony Mackie, Tig Notaro, Erica Ash, Jennifer Coolidge",[39],
Bruiser,Hulu,"Trevante Rhodes, Jalyn Hall, Shamier Anderson",[40],
Linoleum,Shout! Studios,"Jim Gaffigan, Rhea Seehorn, Katelyn Nacon, Michael Ian Black, Tony Shalhoub",[41],
God's Time,IFC Films,,[42],
Operation Fortune: Ruse de Guerre,Lionsgate,"Guy Ritchie, Jason Statham, Aubrey Plaza, Josh Hartnett, Cary Elwes, Bugzy Malone, Hugh Grant",[44],
A Little White Lie,Saban Films,"Michael Maren, Michael Shannon, Kate Hudson, Don Johnson, Zach Braff",[45],
Children of the Corn,RLJE Films,"Kurt Wimmer, Elena Kampouris, Kate Moyer, Callan Mulvey, Bruce Spence",[46],
Palm Trees and Power Lines,Momentum Pictures,"Jonathan Tucker, Gretchen Mol",[47],
The Year Between,Gravitas Ventures,"J. Smith-Cameron, Steve Buscemi, Wyatt Oleff, Emily Robinson",[48],
65,Columbia Pictures,"Scott Beck, Bryan Woods, Adam Driver, Ariana Greenblatt, Chloe Coleman, Nika King",[52],
Champions,Focus Features,"Bobby Farrelly, Woody Harrelson, Kaitlin Olson, Ernie Hudson, Cheech Marin",[53],
Chang Can Dunk,Disney+,Dexter Darden,[54],
Boston Strangler,Hulu,"Keira Knightley, Carrie Coon, Alessandro Nivola, David Dastmalchian, Morgan Spector, Chris Cooper",[57],
The Magician's Elephant,Netflix,"Martin Hynes, Noah Jupe, Benedict Wong, Sian Clifford, Pixie Davies, Natasia Demetriou, Dawn French, Brian Tyree Henry, Aasif Mandvi, Mandy Patinkin, Miranda Richardson, Cree Summer, Lorraine Toussaint",[39],
Moving On,Roadside Attractions,"Paul Weitz, Jane Fonda, Lily Tomlin, Malcolm McDowell, Sarah Burns, Richard Roundtree",[58],
Wildflower,Momentum Pictures,"Kiernan Shipka, Dash Mihok, Charlie Plummer, Alexandra Daddario, Reid Scott, Erika Alexander, Jacki Weaver",[59],
Supercell,Saban Films,"Skeet Ulrich, Anne Heche, Daniel Diemer, Alec Baldwin",[60],
Pinball: The Man Who Saved the Game,Vertical Entertainment,"Mike Faist, Crystal Reed, Dennis Boutsikaris",[61],
A Good Person,Metro-Goldwyn-Mayer,"Zach Braff, Florence Pugh, Molly Shannon, Chinaza Uche, Celeste O'Connor, Morgan Freeman",[52],
The Tutor,Vertical Entertainment,"Garrett Hedlund, Noah Schnapp, Victoria Justice",[63],
Murder Mystery 2,Netflix,"Jeremy Garelick, James Vanderbilt, Adam Sandler, Jennifer Aniston, Mélanie Laurent, Jodie Turner-Smith, Annie Mumolo, Tony Goldwyn, Mark Strong",[66],
Tetris,Apple TV+,"Jon S. Baird, Noah Pink, Taron Egerton, Nikita Efremov, Anthony Boyle, Toby Jones, Roger Allam",[67],
Spinning Gold,Variance Films,"Jeremy Jordan, Wiz Khalifa, Jason Isaacs, Jason Derulo, Jay Pharoah, Michelle Monaghan, Dan Fogler, Sebastian Maniscalco",[51],
Space Oddity,Samuel Goldwyn Films,"Kyra Sedgwick, Kyle Allen, Alexandra Shipp, Madeline Brewer, Kevin Bacon, Simon Helberg, Carrie Preston, Arden Myrin",[68],
A Thousand and One,Focus Features,"A.V. Rockwell, Teyana Taylor",[52],
Assassin,Saban Films,"Nomzamo Mbatha, Dominic Purcell, Bruce Willis",[69],
Acidman,Brainstorm Media,"Chris Dowling, Thomas Haden Church, Dianna Agron",[70],
Air,Amazon Studios,"Ben Affleck, Matt Damon, Jason Bateman, Marlon Wayans, Chris Messina, Chris Tucker, Viola Davis",[74],
Showing Up,A24,"Kelly Reichardt, Jonathan Raymond, Michelle Williams, Hong Chau, Maryann Plunkett, John Magaro, André Benjamin, James LeGros, Judd Hirsch",[76],
Paint,IFC Films,"Owen Wilson, Michaela Watkins, Wendi McLendon-Covey, Ciara Renée, Lusia Strus, Stephen Root",[77],
On a Wing and a Prayer,Amazon Studios,"Sean McNamara, Dennis Quaid, Heather Graham, Jesse Metcalfe",[78],
Chupa,Netflix,"Jonás Cuarón, Demián Bichir, Christian Slater",[79],
How to Blow Up a Pipeline,Neon,"Daniel Goldhaber, Ariela Barer, Kristine Froseth, Lukas Gage, Forrest Goodluck, Sasha Lane, Jayme Lawson, Marcus Scribner, Jake Weary, Irene Bedard",[80],
One True Loves,BuzzFeed Studios,"Andy Fickman, Taylor Jenkins Reid, Phillipa Soo, Simu Liu, Luke Bracey",[81],
Beau Is Afraid,A24,"Ari Aster, Joaquin Phoenix, Patti LuPone, Nathan Lane, Amy Ryan, Parker Posey, Kylie Rogers, Denis Ménochet, Zoe Lister-Jones, Stephen McKinley Henderson, Richard Kind",[84],
The Pope's Exorcist,Screen Gems,"Julius Avery, Michael Petroni, Evan Spiliotopoulos, Russell Crowe, Alex Essoe, Daniel Zovatto, Franco Nero, Ralph Ineson",[85],
Mafia Mamma,Bleecker Street,"Catherine Hardwicke, Toni Collette, Monica Bellucci",[86],
Sweetwater,Briarcliff Entertainment,"Cary Elwes, Jeremy Piven, Richard Dreyfuss, Kevin Pollak",[87],
Guy Ritchie's The Covenant,Metro-Goldwyn-Mayer,"Guy Ritchie, Jake Gyllenhaal, Dar Salim, Antony Starr, Alexander Ludwig, Bobby Schofield, Emily Beecham, Jonny Lee Miller",[91],
Ghosted,Apple TV+,"Dexter Fletcher, Rhett Reese, Paul Wernick, Chris McKenna, Erik Sommers, Chris Evans, Ana de Armas, Adrien Brody, Mike Moh, Amy Sedaris, Tate Donovan, Tim Blake Nelson, Marwan Kenzari, Anna Deavere Smith",[92],
Chevalier,Searchlight Pictures,"Stephen Williams, Stefani Robinson, Kelvin Harrison Jr., Samara Weaving, Lucy Boynton, Marton Csokas, Minnie Driver",[93],
Somewhere in Queens,Roadside Attractions,"Ray Romano, Laurie Metcalf, Sadie Stanley, Jennifer Esposito, Jon Manfrellotti, Sebastian Maniscalco, Tony Lo Bianco",[94],
Carmen,Sony Pictures Classics,"Benjamin Millepied, Alexander Dinelaris Jr., Melissa Barrera, Paul Mescal, Rossy de Palma, Tracy ""The DOC"" Curry",[95],
A Tourist's Guide to Love,Netflix,"Steven K. Tsuchida, Rachael Leigh Cook, Missi Pyle, Ben Feldman, Nondumiso Tembe, Andrew Barth Feldman",[96],
"Are You There God? It's Me, Margaret.",Lionsgate,"Kelly Fremon Craig, Rachel McAdams, Abby Ryder Fortson, Benny Safdie, Kathy Bates",[37],
Big George Foreman,Affirm Films,"George Tillman Jr., Frank Baldwin, Khris Davis, John Magaro, Lawrence Gilliard Jr., Sonja Sohn, Forest Whitaker",[52],
Sisu,Lionsgate,"Jalmari Helander, Jorma Tommila, Aksel Hennie, Jack Doolan, Mimosa Willamo, Onni Tommila",[99],
Clock,Hulu,"Dianna Agron, Melora Hardin, Saul Rubinek",[100],
Love Again,Screen Gems,"James C. Strouse, Priyanka Chopra, Sam Heughan, Russell Tovey, Omid Djalili, Celia Imrie, Celine Dion",[102],
One Ranger,Lionsgate,"Jesse V. Johnson, Thomas Jane, John Malkovich, Dominique Tipper",[103],
Knights of the Zodiac,Stage 6 Films,"Tomasz Bagiński, Mackenyu, Famke Janssen, Madison Iseman, Diego Tinoco, Mark Dacascos, Nick Stahl, Sean Bean",[105],
Hypnotic,Ketchup Entertainment,"Robert Rodriguez, Max Borenstein, Ben Affleck, Alice Braga, William Fichtner, J. D. Pardo, Hala Finley, Dayo Okeniyi, Jeff Fahey, Jackie Earle Haley",[106],
Fool's Paradise,Roadside Attractions,"Charlie Day, Ken Jeong, Kate Beckinsale, Adrien Brody, Jason Sudeikis, Edie Falco, Jason Bateman, Common, Ray Liotta, John Malkovich",[107],
Rally Road Racers,Vanguard Animation,"Jimmy O. Yang, J. K. Simmons, Chloe Bennet, Lisa Lu, Sharon Horgan, Catherine Tate, John Cleese",[108],
The Mother,Netflix,"Niki Caro, Misha Green, Andrea Berloff, Peter Craig, Jennifer Lopez, Joseph Fiennes, Omari Hardwick, Paul Raci, Gael García Bernal",[109],
Crater,Disney+,"Kyle Patrick Alvarez, Mckenna Grace, Billy Barratt, Scott Mescudi",[110],
Mercy,Paramount Global Content Distribution,"Tony Dean Smith, Jonathan Rhys Meyers, Jon Voight, Leah Gibson",[111],
Monica,IFC Films,"Andrea Pallaoro, Trace Lysette, Patricia Clarkson, Emily Browning, Joshua Close, Adriana Barraza",[112],
The Starling Girl,Bleecker Street,"Eliza Scanlen, Lewis Pullman, Wrenn Schmidt, Austin Abrams, Kyle Secor, Jimmi Simpson",[113],
White Men Can't Jump,Hulu,"Calmatic, Kenya Barris, Sinqua Walls, Jack Harlow, Teyana Taylor, Laura Harrier, Vince Staples, Lance Reddick",[115],
Master Gardener,Magnolia Pictures,"Paul Schrader, Joel Edgerton, Sigourney Weaver, Quintessa Swindell, Esai Morales",[116],
Sanctuary,Neon,"Zachary Wigon, Margaret Qualley, Christopher Abbott",[117],
Robots,Neon,"Casper Christensen, Shailene Woodley, Jack Whitehall",[118],
Moon Garden,Oscilloscope,Augie Duke,[119],
Kandahar,Open Road Films,"Ric Roman Waugh, Gerard Butler, Navid Negahban, Ali Fazal, Nina Toussaint-White, Vassilis Koukalani, Mark Arnold, Corey Johnson, Travis Fimmel",[121],
The Machine,Screen Gems,"Peter Atencio, Kevin Biegel, Bert Kreischer, Mark Hamill, Jimmy Tatro, Stephanie Kurtzuba",[122],
About My Father,Lionsgate,"Sebastian Maniscalco, Robert De Niro, Leslie Bibb, Anders Holm, David Rasche, Kim Cattrall",[123],
You Hurt My Feelings,A24,"Nicole Holofcener, Julia Louis-Dreyfus, Tobias Menzies, Michaela Watkins, Arian Moayed, Owen Teague, Amber Tamblyn, David Cross, Jeannie Berlin",[124],
The Wrath of Becky,Quiver Distribution,"Lulu Wilson, Seann William Scott",[125],
The Boogeyman,20th Century Studios,"Rob Savage, Scott Beck, Bryan Woods, Mark Heyman, Sophie Thatcher, Chris Messina, Vivien Lyra Blair, Marin Ireland, Madison Hu, LisaGay Hamilton, David Dastmalchian",[128],
Past Lives,A24,"Celine Song, Greta Lee, Teo Yoo, John Magaro",[124],
Shooting Stars,Peacock,"Chris Robinson, Frank E. Flowers, Caleb McLaughlin, Algee Smith, Dermot Mulroney",[129],
Flamin' Hot,Hulu,"Eva Longoria, Lewis Colick, Jesse Garcia, Dennis Haysbert, Tony Shalhoub",[131],
Dalíland,Magnolia Pictures,"Mary Harron, John C. Walsh, Ben Kingsley, Barbara Sukowa, Christopher Briney, Rupert Graves, Alexander Beyer, Andreja Pejić, Suki Waterhouse, Ezra Miller",[132],
Elemental,Walt Disney Pictures,"Peter Sohn, John Hoberg, Kat Likkel, Leah Lewis, Mamoudou Athie, Ronnie del Carmen, Wendi McLendon-Covey, Catherine O'Hara",[135],
Asteroid City,Focus Features,"Wes Anderson, Roman Coppola, Jason Schwartzman, Scarlett Johansson, Tom Hanks, Jeffrey Wright, Tilda Swinton, Bryan Cranston, Edward Norton, Adrien Brody, Liev Schreiber, Hope Davis, Stephen Park, Rupert Friend, Maya Hawke, Steve Carell, Matt Dillon, Hong Chau, Willem Dafoe, Margot Robbie, Tony Revolori, Jeff Goldblum",[136],
Extraction 2,Netflix,"Sam Hargrave, Joe Russo, Chris Hemsworth, Golshifteh Farahani, Adam Bessa, Tinatin Dalakishvili, Daniel Bernhardt, Olga Kurylenko, Idris Elba",[109],
The Blackening,Lionsgate,"Tim Story, Tracy Oliver, Dewayne Perkins, Grace Byers, Jermaine Fowler, Melvin Gregg, X Mayo, Antoinette Robertson, Sinqua Walls, Jay Pharoah, Yvonne Orji",[137],
The Perfect Find,Netflix,"Numa Perrier, Leigh Davenport, Gabrielle Union, Keith Powers, Aisha Hinds, D. B. Woodside, La La Anthony, Gina Torres",[140],
World's Best,Disney+,"Roshan Sethi, Utkarsh Ambudkar, Punam Patel",[141],
God Is a Bullet,XYZ Films,"Nick Cassavetes, Nikolaj Coster-Waldau, Jamie Foxx, Maika Monroe, January Jones, Andrew Dice Clay",[142],
Wonderwell,Vertical Entertainment,"Carrie Fisher, Rita Ora, Nell Tiger Free",[143],
"Ruby Gillman, Teenage Kraken",Universal Pictures,"Kirk DeMicco, Pam Brady, Lana Condor, Toni Collette, Annie Murphy, Sam Richardson, Liza Koshy, Will Forte, Colman Domingo, Jaboukie Young-White, Nicole Byer, Jane Fonda",[145],
Nimona,Netflix,"Nick Bruno and Troy Quane, Chloë Grace Moretz, Riz Ahmed, Eugene Lee Yang, Frances Conroy",[146],
Confidential Informant,Lionsgate,"Michael Oblowitz, Mel Gibson, Kate Bosworth, Dominic Purcell, Nick Stahl, Erik Valdez",[147],
Prisoner's Daughter,Vertical Entertainment,"Catherine Hardwicke, Kate Beckinsale, Brian Cox, Christopher Convery, Jon Huertas, Ernie Hudson",[148],
Joy Ride,Lionsgate,"Adele Lim, Cherry Chevapravatdumrong, Teresa Hsiao, Ashley Park, Sherry Cola, Stephanie Hsu, Sabrina Wu",[152],
The Out-Laws,Netflix,"Tyler Spindel, Adam DeVine, Nina Dobrev, Ellen Barkin, Pierce Brosnan",[153],
Earth Mama,A24,"Erika Alexander, Doechii, Sharon Duncan-Brewster, Olivia Luccardi, Dominic Fike, Bokeem Woodbine",[154],
Biosphere,IFC Films,"Mel Eslyn, Mark Duplass, Sterling K. Brown",[155],
Theater Camp,Searchlight Pictures,"Molly Gordon, Nick Lieberman, Ben Platt, Noah Galvin, Jimmy Tatro, Patti Harrison, Nathan Lee Graham, Ayo Edebiri, Caroline Aaron, Amy Sedaris",[159],
Oppenheimer,Universal Pictures,"Christopher Nolan, Cillian Murphy, Emily Blunt, Matt Damon, Robert Downey Jr., Florence Pugh, Josh Hartnett, Casey Affleck, Rami Malek, Kenneth Branagh",[161],
Cobweb,Lionsgate,"Lizzy Caplan, Woody Norman, Cleopatra Coleman, Antony Starr",[162],
The Beanie Bubble,Apple TV+,"Kristin Gore, Damian Kulash, Zach Galifianakis, Elizabeth Banks, Sarah Snook, Geraldine Viswanathan",[163],
The Venture Bros.: Radiant Is the Blood of the Baboon Heart,Warner Bros. Home Entertainment,"Jackson Publick, Doc Hammer, James Urbaniak, Patrick Warburton, Michael Sinterniklaas, Chris McCulloch",[164],
Sympathy for the Devil,RLJE Films,"Yuval Adler, Nicolas Cage, Joel Kinnaman",[167],
Circus Maximus,AMC Entertainment,"Travis Scott, Gaspar Noé, Valdimar Jóhannsson, Nicolas Winding Refn, Harmony Korine, Kahlil Joseph, Rick Rubin, James Blake, Sheck Wes, Yung Lean, Teezo Touchdown",[168],
Happiness for Beginners,Netflix,"Ellie Kemper, Luke Grimes, Nico Santos, Blythe Danner",[169],
War Pony,Momentum Pictures,Riley Keough,[170],
Shortcomings,Sony Pictures Classics,"Randall Park, Adrian Tomine, Justin H. Min, Sherry Cola, Ally Maki, Debby Ryan, Tavi Gevinson, Sonoya Mizuno, Jacob Batalon, Timothy Simons",[176],
Dreamin' Wild,Roadside Attractions,"Bill Pohlad, Casey Affleck, Walton Goggins, Zooey Deschanel, Noah Jupe, Jack Dylan Grazer, Chris Messina, Beau Bridges",[177],
Corner Office,Lionsgate,"Jon Hamm, Danny Pudi, Sarah Gadon, Christopher Heyerdahl",[178],
What Comes Around,IFC Films,"Amy Redford, Summer Phoenix, Grace Van Dien, Jesse Garcia, Kyle Gallner",[179],
The Passenger,MGM+,Kyle Gallner,[180],
Heart of Stone,Netflix,"Tom Harper, Greg Rucka, Allison Schroeder, Gal Gadot, Jamie Dornan, Alia Bhatt, Matthias Schweighöfer, Sophie Okonedo",[109],
"Red, White & Royal Blue",Amazon Studios,"Matthew Lopez, Taylor Zakhar Perez, Nicholas Galitzine, Clifton Collins Jr., Sarah Shahi, Rachel Hilson, Stephen Fry, Uma Thurman",[182],
Jules,Bleecker Street,"Marc Turtletaub, Ben Kingsley, Jane Curtin, Harriet Sansom Harris",[183],
Strays,Universal Pictures,"Josh Greenbaum, Dan Perrault, Will Ferrell, Jamie Foxx, Will Forte, Isla Fisher, Randall Park, Josh Gad, Harvey Guillén, Rob Riggle, Brett Gelman, Jamie Demetriou, Sofia Vergara",[186],
The Monkey King,Netflix,"Anthony Stacchi, Steve Bencich, Ron J. Friedman, Jimmy O. Yang, Bowen Yang, Jo Koy, Stephanie Hsu, BD Wong",[187],
Landscape with Invisible Hand,Metro-Goldwyn-Mayer,"Cory Finley, Asante Blackk, Kylie Rogers, Tiffany Haddish",[189],
Birth/Rebirth,Shudder,"Marin Ireland, Judy Reyes, Breda Wool, Monique Gabriela Curnen, LaChanze",[190],
The Adults,Variance Films,"Dustin Guy Defa, Michael Cera, Hannah Gross, Sophia Lillis",[191],
Retribution,Lionsgate,"Nimród Antal, Liam Neeson, Noma Dumezweni, Lilly Aspell, Jack Champion, Embeth Davidtz, Matthew Modine",[193],
Vacation Friends 2,Hulu,"Clay Tarver, John Cena, Lil Rel Howery, Yvonne Orji, Meredith Hagner, Carlos Santos, Ronny Chieng, Jamie Hector, Steve Buscemi",[194],
You Are So Not Invited to My Bat Mitzvah,Netflix,"Sunny Sandler, Adam Sandler, Idina Menzel, Jackie Sandler, Sadie Sandler, Jackie Hoffman, Luis Guzmán",[195],
Bottoms,Orion Pictures,"Emma Seligman, Rachel Sennott, Ayo Edebiri, Havana Rose Liu, Kaia Gerber, Nicholas Galitzine, Dagmara Domińczyk, Marshawn Lynch",[196],
Golda,Bleecker Street,"Guy Nattiv, Helen Mirren, Camille Cottin, Liev Schreiber",[197],
MR-9: Do or Die,Jaaz Multimedia,"Sakshi Pradhan, Frank Grillo, Michael Jai White, Tariq Anam Khan, Jessia Islam",[198][199],
The Hill,Briarcliff Entertainment,"Jeff Celentano, Scott Marshall Smith, Angelo Pizzo, Colin Ford, Dennis Quaid, Joelle Carter, Scott Glenn",[200],
The Good Mother,Vertical Entertainment,"Hilary Swank, Olivia Cooke, Jack Reynor, Hopper Penn",[201],
All Fun and Games,Vertical Entertainment,"Natalia Dyer, Asa Butterfield, Benjamin Evan Ainsworth, Annabeth Gish",[202],
My Big Fat Greek Wedding 3,Focus Features,"Nia Vardalos, John Corbett, Louis Mandylor, Elena Kampouris, Gia Carides, Joey Fatone, Lainie Kazan, Andrea Martin",[204],
Sitting in Bars with Cake,Amazon Studios,"Trish Sie, Yara Shahidi, Odessa A'zion, Martha Kelly, Ron Livingston, Bette Midler",[205],
Aristotle and Dante Discover the Secrets of the Universe,Blue Fox Entertainment,"Eugenio Derbez, Eva Longoria",[206],
Dumb Money,Columbia Pictures,"Craig Gillespie, Paul Dano, Pete Davidson, Vincent D'Onofrio, America Ferrera, Nick Offerman, Anthony Ramos, Sebastian Stan, Shailene Woodley, Seth Rogen",[209],
Love at First Sight,Netflix,"Vanessa Caswill, Haley Lu Richardson, Ben Hardy, Dexter Fletcher, Rob Delaney, Sally Phillips, Jameela Jamil",[210],
A Million Miles Away,Amazon Studios,"Michael Peña, Rosa Salazar, Sarayu Blue, Verónica Falcón, Julio Cesar Cedillo, Garret Dillahunt",[211],
The Retirement Plan,Darius Films,"Nicolas Cage, Ron Perlman, Ashley Greene, Jackie Earle Haley, Grace Byers, Ernie Hudson, Lynn Whitfield, Joel David Moore",[212],
Outlaw Johnny Black,Samuel Goldwyn Films,"Michael Jai White, Anika Noni Rose, Erica Ash, Kevin Chapman, Kym Whitley, Tommy Davidson, Buddy Lewis, Chris Browning, Barry Bostwick, Gary Anthony Williams, Glynn Turman",[213],
Camp Hideout,Roadside Attractions,"Sean Olson, Corbin Bleu, Amanda Leighton, Christopher Lloyd",[214],
The Inventor,Blue Fox Entertainment,"Jim Capobianco, Stephen Fry, Marion Cotillard, Daisy Ridley, Matt Berry, Natalie Palamides, Jim Capobianco",[215],
Spy Kids: Armageddon,Netflix,"Robert Rodriguez, Gina Rodriguez, Zachary Levi, Billy Magnussen, D. J. Cotrona",[216],
Reptile,Netflix,"Grant Singer, Benicio del Toro, Justin Timberlake, Alicia Silverstone, Eric Bogosian, Ato Essandoh, Domenick Lombardozzi, Michael Pitt",[217],
Cassandro,Amazon Studios,"Roger Ross Williams, Gael García Bernal, Roberta Colindrez, Joaquín Cosío, Raúl Castillo, El Hijo del Santo, Bad Bunny",[218],
Flora and Son,Apple TV+,"John Carney, Eve Hewson, Jack Reynor, Joseph Gordon-Levitt",[219],
No One Will Save You,Hulu,"Brian Duffield, Kaitlyn Dever",[220],
It Lives Inside,Neon,"Megan Suri, Neeru Bajwa, Vik Sahay, Betty Gabriel",[221],
Saw X,Lionsgate,"Kevin Greutert, Josh Stolberg, Tobin Bell, Shawnee Smith, Synnøve Macody Lund, Steven Brand, Michael Beach",[225],
Fair Play,Netflix,"Phoebe Dynevor, Alden Ehrenreich, Eddie Marsan, Rich Sommer",[226],
The Re-Education of Molly Singer,Lionsgate,"Britt Robertson, Ty Simpkins, Nico Santos, Cierra Ramirez, Holland Roden, Wendie Malick, Jaime Pressly",[228],
Deliver Us,Magnet Releasing,"Alexander Siddig, Thomas Kretschmann",[229],
Pet Sematary: Bloodlines,Paramount+,"Jackson White, Jack Mulhern, Henry Thomas, Forrest Goodluck, Natalie Alyn Lind, Isabella Star LaBlanc, Pam Grier, David Duchovny",[233],
Totally Killer,Amazon Studios,"Nahnatchka Khan, Kiernan Shipka, Olivia Holt, Julie Bowen, Randall Park",[234],
V/H/S/85,Studio 71,"Gigi Saul Guerrero, Scott Derrickson, David Bruckner, Natasha Kermani, Jordan Belfi, Kelli Garner, Gabriela Roel, James Ransone, Freddy Rodriguez, Britt Baron",[235],
The Caine Mutiny Court-Martial,Republic Pictures,"William Friedkin, Kiefer Sutherland, Lance Reddick, Jason Clarke, Jake Lacy, Monica Raymund, Lewis Pullman, Jay Duplass, Tom Riley",[236],
Dicks: The Musical,A24,"Larry Charles, Megan Mullally, Megan Thee Stallion, Bowen Yang, Nathan Lane",[237],
Foe,Amazon Studios,"Garth Davis, Iain Reid, Saoirse Ronan, Paul Mescal, Aaron Pierre",[238],
She Came to Me,Vertical Entertainment,"Rebecca Miller, Peter Dinklage, Marisa Tomei, Joanna Kulig, Brian d'Arcy James, Anne Hathaway",[239],
The Burial,Amazon Studios,"Maggie Betts, Doug Wright, Jamie Foxx, Tommy Lee Jones, Jurnee Smollett, Mamoudou Athie, Bill Camp, Pamela Reed, Alan Ruck",[240],
Desperation Road,Lionsgate,"Michael Farris Smith, Garrett Hedlund, Mel Gibson, Willa Fitzgerald, Ryan Hurst",[241],
Miranda's Victim,Vertical Entertainment,"Michelle Danner, Abigail Breslin, Luke Wilson, Andy García, Donald Sutherland, Ryan Phillippe",[242],
Cat Person,Rialto Pictures,"Susanna Fogel, Michelle Ashford, Emilia Jones, Nicholas Braun, Geraldine Viswanathan, Hope Davis, Fred Melamed, Isabella Rossellini",[243],
Dear David,Lionsgate,"John McPhail, Augustus Prew, Andrea Bang, Justin Long",[248],
Divinity,Utopia,"Eddie Alcazar, Stephen Dorff, Bella Thorne, Scott Bakula, Jason Genao, Moisés Arias, Karrueche Tran, Caylee Cowan",[249],
In the Fire,Saban Films,"Conor Allyn, Amber Heard, Eduardo Noriega",[250],
Pain Hustlers,Netflix,"David Yates, Wells Tower, Emily Blunt, Chris Evans, Andy García, Catherine O'Hara, Jay Duplass, Brian d'Arcy James, Chloe Coleman",[252],
Nyad,Netflix,"Elizabeth Chai Vasarhelyi, Jimmy Chin, Annette Bening, Jodie Foster, Rhys Ifans",[253],
Old Dads,Netflix,"Bill Burr, Bobby Cannavale, Bokeem Woodbine, Miles Robbins, Katie Aselton, Reign Edwards",[254],
Butcher's Crossing,Saban Films,"Gabe Polsky, Nicolas Cage, Fred Hechinger, Xander Berkeley, Rachel Keller, Jeremy Bobb, Paul Raci",[255],
The Other Zoey,Brainstorm Media,"Sara Zandieh, Josephine Langford, Drew Starkey, Archie Renaux, Patrick Fabian, Heather Graham, Andie MacDowell",[256],
Sick Girl,Lionsgate,"Nina Dobrev, Brandon Mychal Smith, Sherry Cola, Stephanie Koenig, Ray McKinnon, Dan Bakkedahl, Wendi McLendon-Covey",[257],
The Persian Version,Sony Pictures Classics,"Maryam Keshavarz, Niousha Noor, Bijan Daneshmand",[258],
Under the Boardwalk,Paramount Pictures,"David Soren, Lorene Scafaria, Keke Palmer, Michael Cera, Bobby Cannavale",[260],
Freelance,Relativity Media,"Pierre Morel, John Cena, Alison Brie, Juan Pablo Raba, Alice Eve, Marton Csokas, Christian Slater",[261],
The Holdovers,Focus Features,"Alexander Payne, Paul Giamatti, Da'Vine Joy Randolph",[262],
The Killer,Netflix,"David Fincher, Andrew Kevin Walker, Michael Fassbender, Arliss Howard, Charles Parnell, Sala Baker, Sophie Charlotte, Tilda Swinton",[263],
Fingernails,Apple TV+,"Jessie Buckley, Riz Ahmed, Jeremy Allen White, Annie Murphy, Luke Wilson",[264],
Priscilla,A24,"Sofia Coppola, Cailee Spaeny, Jacob Elordi, Dagmara Domińczyk",[265],
Suitable Flesh,RLJE Films,"Joe Lynch, Dennis Paoli, Heather Graham, Judah Lewis, Bruce Davison, Johnathon Schaech, Barbara Crampton",[266],
Rustin,Netflix,"George C. Wolfe, Dustin Lance Black, Colman Domingo, Chris Rock, Glynn Turman, Aml Ameen, CCH Pounder, Da'Vine Joy Randolph, Michael Potts, Jeffrey Wright, Audra McDonald",[270],
The Marsh King's Daughter,Lionsgate,"Neil Burger, Mark L. Smith, Daisy Ridley, Ben Mendelsohn, Garrett Hedlund, Caren Pistorius, Brooklynn Prince, Gil Birmingham",[271],
What Happens Later,Bleecker Street,"Meg Ryan, Steven Dietz, Kirk Lynn, David Duchovny",[272],
All Dirt Roads Taste of Salt,A24,"Raven Jackson, Moses Ingram, Zainab Jah, Sheila Atim, Chris Chalk",[273],
Helen's Dead,Screen Media,"K. Asher Levin, Annabelle Dexter-Jones, Tyrese Gibson, Emile Hirsch, Dylan Gelula, Oliver Cooper",[274],
Rumble Through the Dark,Lionsgate,"Michael Farris Smith, Aaron Eckhart, Bella Thorne, Ritchie Coster, Joe Hursley, Marianne Jean-Baptiste",[276],
Dream Scenario,A24,"Kristoffer Borgli, Nicolas Cage, Julianne Nicholson, Michael Cera, Tim Meadows, Dylan Gelula, Dylan Baker",[277],
Journey to Bethlehem,Affirm Films,"Adam Anders, Peter Barsocchini, Milo Manheim, Lecrae, Joel Smallbone, Antonio Banderas",[278],
Your Lucky Day,Well Go USA Entertainment,"Angus Cloud, Elliot Knight, Jason O'Mara, Sterling Beaumon, Jason Wiles, Spencer Garrett",[279],
It's a Wonderful Knife,RLJE Films,"Joel McHale, Justin Long, Jane Widdop, Katharine Isabelle, Cassandra Naud",[280],
Manodrome,Lionsgate,"John Trengove, Jesse Eisenberg, Adrien Brody, Odessa Young, Philip Ettinger, Ethan Suplee, Evan Jonigkeit",[281],
Trolls Band Together,Universal Pictures,"Walt Dohrn, Anna Kendrick, Justin Timberlake, Kenan Thompson, Kunal Nayyar, Camila Cabello, Eric Andre, Troye Sivan, Kid Cudi, Andrew Rannells, Amy Schumer, Daveed Diggs, RuPaul, Zosia Mamet",[285],
Thanksgiving,TriStar Pictures,"Eli Roth, Patrick Dempsey, Addison Rae, Milo Manheim, Jalen Thomas Brooks, Rick Hoffman, Gina Gershon",[286],
Next Goal Wins,Searchlight Pictures,"Taika Waititi, Iain Morris, Michael Fassbender, Oscar Kightley, David Fane, Rachel House, Beulah Koale, Will Arnett, Elisabeth Moss",[287],
Saltburn,Metro-Goldwyn-Mayer,"Emerald Fennell, Barry Keoghan, Jacob Elordi, Rosamund Pike, Richard E. Grant, Alison Oliver, Archie Madekwe, Carey Mulligan",[288],
May December,Netflix,"Todd Haynes, Natalie Portman, Julianne Moore, Charles Melton, Cory Michael Smith",[289],
Dashing Through the Snow,Disney+,"Tim Story, Scott Rosenberg, Lil Rel Howery, Ludacris, Teyonah Parris, Oscar Nunez",[290],
Please Don't Destroy: The Treasure of Foggy Mountain,Peacock,"Meg Stalter, X Mayo, Bowen Yang, Conan O'Brien",[291],
Napoleon,Columbia Pictures,"Ridley Scott, David Scarpa, Joaquin Phoenix, Vanessa Kirby, Tahar Rahim, Ben Miles, Rupert Everett",[294],
Maestro,Netflix,"Bradley Cooper, Josh Singer, Carey Mulligan, Matt Bomer, Maya Hawke, Sarah Silverman",[295],
Leave the World Behind,Netflix,"Sam Esmail, Julia Roberts, Mahershala Ali, Ethan Hawke, Myha'la Herrold, Kevin Bacon",[296],
Good Burger 2,Paramount+,"Phil Traill, Kevin Kopelow, Heath Seifert, Kenan Thompson, Kel Mitchell",[297],
Genie,Peacock,"Richard Curtis, Melissa McCarthy, Paapa Essiedu, Denée Benton, Marc Maron, Luis Guzmán, Alan Cumming",[298],
Silent Night,Lionsgate,"John Woo, Joel Kinnaman, Scott Mescudi, Harold Torres, Catalina Sandino Moreno",[301],
Candy Cane Lane,Amazon Studios,"Reginald Hudlin, Eddie Murphy, Tracee Ellis Ross, Jillian Bell, Nick Offerman, Robin Thede, Chris Redd",[302],
Eileen,Neon,"William Oldroyd, Ottessa Moshfegh, Thomasin McKenzie, Shea Whigham, Marin Ireland, Owen Teague, Anne Hathaway",[303],
The Shift,Angel Studios,"Kristoffer Polaha, Neal McDonough, Sean Astin",[304],
Origin,Neon,"Ava DuVernay, Aunjanue Ellis-Taylor, Jon Bernthal, Vera Farmiga, Audra McDonald, Niecy Nash-Betts, Nick Offerman, Blair Underwood",[309],
Diary of a Wimpy Kid Christmas: Cabin Fever,Disney+,"Jeff Kinney, Erica Cerra, Chris Diamantopoulos",[310],
Our Son,Vertical Entertainment,"Peter Nickowitz, Luke Evans, Billy Porter, Andrew Rannells, Robin Weigert, Kate Burton, Phylicia Rashad",[311],
Chicken Run: Dawn of the Nugget,Netflix,"Sam Fell, Karey Kirkpatrick, John O'Farrell, Thandiwe Newton, Zachary Levi, Bella Ramsey, Imelda Staunton, Lynn Ferguson, David Bradley, Jane Horrocks, Romesh Ranganathan, Daniel Mays, Nick Mohammed, Miranda Richardson, Peter Serafinowicz",[315],
Rebel Moon,Netflix,"Zack Snyder, Kurt Johnstad, Shay Hatten, Sofia Boutella, Djimon Hounsou, Ed Skrein, Michiel Huisman, Bae Doona, Ray Fisher, Charlie Hunnam, Anthony Hopkins",[316],
American Fiction,Orion Pictures,"Cord Jefferson, Jeffrey Wright, Tracee Ellis Ross, Issa Rae, Sterling K. Brown, John Ortiz, Erika Alexander, Leslie Uggams, Adam Brody, Keith David",[317],
The Family Plan,Apple TV+,"Simon Cellan Jones, Mark Wahlberg, Michelle Monaghan, Saïd Taghmaoui, Maggie Q, Zoe Colletti, Ciarán Hinds",[318],
Finestkind,Paramount+,"Brian Helgeland, Ben Foster, Toby Wallace, Jenna Ortega, Tommy Lee Jones",[319],
The Zone of Interest,A24,"Jonathan Glazer, Christian Friedel, Sandra Hüller",[320],
Migration,Universal Pictures,"Benjamin Renner, Mike White, Kumail Nanjiani, Elizabeth Banks, Awkwafina, Keegan-Michael Key, Carol Kane, David Mitchell, Isabela Merced, Danny DeVito",[323],
Anyone but You,Columbia Pictures,"Will Gluck, Sydney Sweeney, Glen Powell, Alexandra Shipp, GaTa, Hadley Robinson, Michelle Hurd, Dermot Mulroney, Darren Barnet, Rachel Griffiths, Bryan Brown",[324],
The Iron Claw,A24,"Sean Durkin, Zac Efron, Jeremy Allen White, Harris Dickinson, Maura Tierney, Lily James, Holt McCallany",[325],
Freud's Last Session,Sony Pictures Classics,"Mark St. Germain, Anthony Hopkins, Matthew Goode, Liv Lisa Fries, Jodi Balfour, Jeremy Northam, Orla Brady",[326],
Memory,Ketchup Entertainment,"Michel Franco, Jessica Chastain, Peter Sarsgaard, Merritt Wever, Elsie Fisher, Josh Charles, Jessica Harper",[327],
The Boys in the Boat,Metro-Goldwyn-Mayer,"George Clooney, Mark L. Smith, Callum Turner, Joel Edgerton, Peter Guinness",[329],
Ferrari,Neon,"Michael Mann, Troy Kennedy Martin, Adam Driver, Penelope Cruz, Shailene Woodley, Sarah Gadon, Gabriel Leone, Jack O'Connell, Patrick Dempsey",[330],
